Date,DateKey,Year,Quarter,MonthNumber,MonthName,DayOfMonth,DayOfWeekNumber,DayOfWeekName,IsWeekend,FiscalQuarter
2023-01-07,20230107,2023,Q1,1,January,7,6,Saturday,1,Q1
2023-01-08,20230108,2023,Q1,1,January,8,7,Sunday,1,Q1
2023-01-09,20230109,2023,Q1,1,January,9,1,Monday,0,Q1
2023-01-10,20230110,2023,Q1,1,January,10,2,Tuesday,0,Q1
2023-01-11,20230111,2023,Q1,1,January,11,3,Wednesday,0,Q1
2023-01-12,20230112,2023,Q1,1,January,12,4,Thursday,0,Q1
2023-01-13,20230113,2023,Q1,1,January,13,5,Friday,0,Q1
2023-01-14,20230114,2023,Q1,1,January,14,6,Saturday,1,Q1
2023-01-15,20230115,2023,Q1,1,January,15,7,Sunday,1,Q1
2023-01-16,20230116,2023,Q1,1,January,16,1,Monday,0,Q1
2023-01-17,20230117,2023,Q1,1,January,17,2,Tuesday,0,Q1
2023-01-18,20230118,2023,Q1,1,January,18,3,Wednesday,0,Q1
2023-01-19,20230119,2023,Q1,1,January,19,4,Thursday,0,Q1
2023-01-20,20230120,2023,Q1,1,January,20,5,Friday,0,Q1
2023-01-21,20230121,2023,Q1,1,January,21,6,Saturday,1,Q1
2023-01-22,20230122,2023,Q1,1,January,22,7,Sunday,1,Q1
2023-01-23,20230123,2023,Q1,1,January,23,1,Monday,0,Q1
2023-01-24,20230124,2023,Q1,1,January,24,2,Tuesday,0,Q1
2023-01-25,20230125,2023,Q1,1,January,25,3,Wednesday,0,Q1
2023-01-26,20230126,2023,Q1,1,January,26,4,Thursday,0,Q1
2023-01-27,20230127,2023,Q1,1,January,27,5,Friday,0,Q1
2023-01-28,20230128,2023,Q1,1,January,28,6,Saturday,1,Q1
2023-01-29,20230129,2023,Q1,1,January,29,7,Sunday,1,Q1
2023-01-30,20230130,2023,Q1,1,January,30,1,Monday,0,Q1
2023-01-31,20230131,2023,Q1,1,January,31,2,Tuesday,0,Q1
2023-02-01,20230201,2023,Q1,2,February,1,3,Wednesday,0,Q1
2023-02-02,20230202,2023,Q1,2,February,2,4,Thursday,0,Q1
2023-02-03,20230203,2023,Q1,2,February,3,5,Friday,0,Q1
2023-02-04,20230204,2023,Q1,2,February,4,6,Saturday,1,Q1
2023-02-05,20230205,2023,Q1,2,February,5,7,Sunday,1,Q1
2023-02-06,20230206,2023,Q1,2,February,6,1,Monday,0,Q1
2023-02-07,20230207,2023,Q1,2,February,7,2,Tuesday,0,Q1
2023-02-08,20230208,2023,Q1,2,February,8,3,Wednesday,0,Q1
2023-02-09,20230209,2023,Q1,2,February,9,4,Thursday,0,Q1
2023-02-10,20230210,2023,Q1,2,February,10,5,Friday,0,Q1
2023-02-11,20230211,2023,Q1,2,February,11,6,Saturday,1,Q1
2023-02-12,20230212,2023,Q1,2,February,12,7,Sunday,1,Q1
2023-02-13,20230213,2023,Q1,2,February,13,1,Monday,0,Q1
2023-02-14,20230214,2023,Q1,2,February,14,2,Tuesday,0,Q1
2023-02-15,20230215,2023,Q1,2,February,15,3,Wednesday,0,Q1
2023-02-16,20230216,2023,Q1,2,February,16,4,Thursday,0,Q1
2023-02-17,20230217,2023,Q1,2,February,17,5,Friday,0,Q1
2023-02-18,20230218,2023,Q1,2,February,18,6,Saturday,1,Q1
2023-02-19,20230219,2023,Q1,2,February,19,7,Sunday,1,Q1
2023-02-20,20230220,2023,Q1,2,February,20,1,Monday,0,Q1
2023-02-21,20230221,2023,Q1,2,February,21,2,Tuesday,0,Q1
2023-02-22,20230222,2023,Q1,2,February,22,3,Wednesday,0,Q1
2023-02-23,20230223,2023,Q1,2,February,23,4,Thursday,0,Q1
2023-02-24,20230224,2023,Q1,2,February,24,5,Friday,0,Q1
2023-02-25,20230225,2023,Q1,2,February,25,6,Saturday,1,Q1
2023-02-26,20230226,2023,Q1,2,February,26,7,Sunday,1,Q1
2023-02-27,20230227,2023,Q1,2,February,27,1,Monday,0,Q1
2023-02-28,20230228,2023,Q1,2,February,28,2,Tuesday,0,Q1
2023-03-01,20230301,2023,Q1,3,March,1,3,Wednesday,0,Q1
2023-03-02,20230302,2023,Q1,3,March,2,4,Thursday,0,Q1
2023-03-03,20230303,2023,Q1,3,March,3,5,Friday,0,Q1
2023-03-04,20230304,2023,Q1,3,March,4,6,Saturday,1,Q1
2023-03-05,20230305,2023,Q1,3,March,5,7,Sunday,1,Q1
2023-03-06,20230306,2023,Q1,3,March,6,1,Monday,0,Q1
2023-03-07,20230307,2023,Q1,3,March,7,2,Tuesday,0,Q1
2023-03-08,20230308,2023,Q1,3,March,8,3,Wednesday,0,Q1
2023-03-09,20230309,2023,Q1,3,March,9,4,Thursday,0,Q1
2023-03-10,20230310,2023,Q1,3,March,10,5,Friday,0,Q1
2023-03-11,20230311,2023,Q1,3,March,11,6,Saturday,1,Q1
2023-03-12,20230312,2023,Q1,3,March,12,7,Sunday,1,Q1
2023-03-13,20230313,2023,Q1,3,March,13,1,Monday,0,Q1
2023-03-14,20230314,2023,Q1,3,March,14,2,Tuesday,0,Q1
2023-03-15,20230315,2023,Q1,3,March,15,3,Wednesday,0,Q1
2023-03-16,20230316,2023,Q1,3,March,16,4,Thursday,0,Q1
2023-03-17,20230317,2023,Q1,3,March,17,5,Friday,0,Q1
2023-03-18,20230318,2023,Q1,3,March,18,6,Saturday,1,Q1
2023-03-19,20230319,2023,Q1,3,March,19,7,Sunday,1,Q1
2023-03-20,20230320,2023,Q1,3,March,20,1,Monday,0,Q1
2023-03-21,20230321,2023,Q1,3,March,21,2,Tuesday,0,Q1
2023-03-22,20230322,2023,Q1,3,March,22,3,Wednesday,0,Q1
2023-03-23,20230323,2023,Q1,3,March,23,4,Thursday,0,Q1
2023-03-24,20230324,2023,Q1,3,March,24,5,Friday,0,Q1
2023-03-25,20230325,2023,Q1,3,March,25,6,Saturday,1,Q1
2023-03-26,20230326,2023,Q1,3,March,26,7,Sunday,1,Q1
2023-03-27,20230327,2023,Q1,3,March,27,1,Monday,0,Q1
2023-03-28,20230328,2023,Q1,3,March,28,2,Tuesday,0,Q1
2023-03-29,20230329,2023,Q1,3,March,29,3,Wednesday,0,Q1
2023-03-30,20230330,2023,Q1,3,March,30,4,Thursday,0,Q1
2023-03-31,20230331,2023,Q1,3,March,31,5,Friday,0,Q1
2023-04-01,20230401,2023,Q2,4,April,1,6,Saturday,1,Q2
2023-04-02,20230402,2023,Q2,4,April,2,7,Sunday,1,Q2
2023-04-03,20230403,2023,Q2,4,April,3,1,Monday,0,Q2
2023-04-04,20230404,2023,Q2,4,April,4,2,Tuesday,0,Q2
2023-04-05,20230405,2023,Q2,4,April,5,3,Wednesday,0,Q2
2023-04-06,20230406,2023,Q2,4,April,6,4,Thursday,0,Q2
2023-04-07,20230407,2023,Q2,4,April,7,5,Friday,0,Q2
2023-04-08,20230408,2023,Q2,4,April,8,6,Saturday,1,Q2
2023-04-09,20230409,2023,Q2,4,April,9,7,Sunday,1,Q2
2023-04-10,20230410,2023,Q2,4,April,10,1,Monday,0,Q2
2023-04-11,20230411,2023,Q2,4,April,11,2,Tuesday,0,Q2
2023-04-12,20230412,2023,Q2,4,April,12,3,Wednesday,0,Q2
2023-04-13,20230413,2023,Q2,4,April,13,4,Thursday,0,Q2
2023-04-14,20230414,2023,Q2,4,April,14,5,Friday,0,Q2
2023-04-15,20230415,2023,Q2,4,April,15,6,Saturday,1,Q2
2023-04-16,20230416,2023,Q2,4,April,16,7,Sunday,1,Q2
2023-04-17,20230417,2023,Q2,4,April,17,1,Monday,0,Q2
2023-04-18,20230418,2023,Q2,4,April,18,2,Tuesday,0,Q2
2023-04-19,20230419,2023,Q2,4,April,19,3,Wednesday,0,Q2
2023-04-20,20230420,2023,Q2,4,April,20,4,Thursday,0,Q2
2023-04-21,20230421,2023,Q2,4,April,21,5,Friday,0,Q2
2023-04-22,20230422,2023,Q2,4,April,22,6,Saturday,1,Q2
2023-04-23,20230423,2023,Q2,4,April,23,7,Sunday,1,Q2
2023-04-24,20230424,2023,Q2,4,April,24,1,Monday,0,Q2
2023-04-25,20230425,2023,Q2,4,April,25,2,Tuesday,0,Q2
2023-04-26,20230426,2023,Q2,4,April,26,3,Wednesday,0,Q2
2023-04-27,20230427,2023,Q2,4,April,27,4,Thursday,0,Q2
2023-04-28,20230428,2023,Q2,4,April,28,5,Friday,0,Q2
2023-04-29,20230429,2023,Q2,4,April,29,6,Saturday,1,Q2
2023-04-30,20230430,2023,Q2,4,April,30,7,Sunday,1,Q2
2023-05-01,20230501,2023,Q2,5,May,1,1,Monday,0,Q2
2023-05-02,20230502,2023,Q2,5,May,2,2,Tuesday,0,Q2
2023-05-03,20230503,2023,Q2,5,May,3,3,Wednesday,0,Q2
2023-05-04,20230504,2023,Q2,5,May,4,4,Thursday,0,Q2
2023-05-05,20230505,2023,Q2,5,May,5,5,Friday,0,Q2
2023-05-06,20230506,2023,Q2,5,May,6,6,Saturday,1,Q2
2023-05-07,20230507,2023,Q2,5,May,7,7,Sunday,1,Q2
2023-05-08,20230508,2023,Q2,5,May,8,1,Monday,0,Q2
2023-05-09,20230509,2023,Q2,5,May,9,2,Tuesday,0,Q2
2023-05-10,20230510,2023,Q2,5,May,10,3,Wednesday,0,Q2
2023-05-11,20230511,2023,Q2,5,May,11,4,Thursday,0,Q2
2023-05-12,20230512,2023,Q2,5,May,12,5,Friday,0,Q2
2023-05-13,20230513,2023,Q2,5,May,13,6,Saturday,1,Q2
2023-05-14,20230514,2023,Q2,5,May,14,7,Sunday,1,Q2
2023-05-15,20230515,2023,Q2,5,May,15,1,Monday,0,Q2
2023-05-16,20230516,2023,Q2,5,May,16,2,Tuesday,0,Q2
2023-05-17,20230517,2023,Q2,5,May,17,3,Wednesday,0,Q2
2023-05-18,20230518,2023,Q2,5,May,18,4,Thursday,0,Q2
2023-05-19,20230519,2023,Q2,5,May,19,5,Friday,0,Q2
2023-05-20,20230520,2023,Q2,5,May,20,6,Saturday,1,Q2
2023-05-21,20230521,2023,Q2,5,May,21,7,Sunday,1,Q2
2023-05-22,20230522,2023,Q2,5,May,22,1,Monday,0,Q2
2023-05-23,20230523,2023,Q2,5,May,23,2,Tuesday,0,Q2
2023-05-24,20230524,2023,Q2,5,May,24,3,Wednesday,0,Q2
2023-05-25,20230525,2023,Q2,5,May,25,4,Thursday,0,Q2
2023-05-26,20230526,2023,Q2,5,May,26,5,Friday,0,Q2
2023-05-27,20230527,2023,Q2,5,May,27,6,Saturday,1,Q2
2023-05-28,20230528,2023,Q2,5,May,28,7,Sunday,1,Q2
2023-05-29,20230529,2023,Q2,5,May,29,1,Monday,0,Q2
2023-05-30,20230530,2023,Q2,5,May,30,2,Tuesday,0,Q2
2023-05-31,20230531,2023,Q2,5,May,31,3,Wednesday,0,Q2
2023-06-01,20230601,2023,Q2,6,June,1,4,Thursday,0,Q2
2023-06-02,20230602,2023,Q2,6,June,2,5,Friday,0,Q2
2023-06-03,20230603,2023,Q2,6,June,3,6,Saturday,1,Q2
2023-06-04,20230604,2023,Q2,6,June,4,7,Sunday,1,Q2
2023-06-05,20230605,2023,Q2,6,June,5,1,Monday,0,Q2
2023-06-06,20230606,2023,Q2,6,June,6,2,Tuesday,0,Q2
2023-06-07,20230607,2023,Q2,6,June,7,3,Wednesday,0,Q2
2023-06-08,20230608,2023,Q2,6,June,8,4,Thursday,0,Q2
2023-06-09,20230609,2023,Q2,6,June,9,5,Friday,0,Q2
2023-06-10,20230610,2023,Q2,6,June,10,6,Saturday,1,Q2
2023-06-11,20230611,2023,Q2,6,June,11,7,Sunday,1,Q2
2023-06-12,20230612,2023,Q2,6,June,12,1,Monday,0,Q2
2023-06-13,20230613,2023,Q2,6,June,13,2,Tuesday,0,Q2
2023-06-14,20230614,2023,Q2,6,June,14,3,Wednesday,0,Q2
2023-06-15,20230615,2023,Q2,6,June,15,4,Thursday,0,Q2
2023-06-16,20230616,2023,Q2,6,June,16,5,Friday,0,Q2
2023-06-17,20230617,2023,Q2,6,June,17,6,Saturday,1,Q2
2023-06-18,20230618,2023,Q2,6,June,18,7,Sunday,1,Q2
2023-06-19,20230619,2023,Q2,6,June,19,1,Monday,0,Q2
2023-06-20,20230620,2023,Q2,6,June,20,2,Tuesday,0,Q2
2023-06-21,20230621,2023,Q2,6,June,21,3,Wednesday,0,Q2
2023-06-22,20230622,2023,Q2,6,June,22,4,Thursday,0,Q2
2023-06-23,20230623,2023,Q2,6,June,23,5,Friday,0,Q2
2023-06-24,20230624,2023,Q2,6,June,24,6,Saturday,1,Q2
2023-06-25,20230625,2023,Q2,6,June,25,7,Sunday,1,Q2
2023-06-26,20230626,2023,Q2,6,June,26,1,Monday,0,Q2
2023-06-27,20230627,2023,Q2,6,June,27,2,Tuesday,0,Q2
2023-06-28,20230628,2023,Q2,6,June,28,3,Wednesday,0,Q2
2023-06-29,20230629,2023,Q2,6,June,29,4,Thursday,0,Q2
2023-06-30,20230630,2023,Q2,6,June,30,5,Friday,0,Q2
2023-07-01,20230701,2023,Q3,7,July,1,6,Saturday,1,Q3
2023-07-02,20230702,2023,Q3,7,July,2,7,Sunday,1,Q3
2023-07-03,20230703,2023,Q3,7,July,3,1,Monday,0,Q3
2023-07-04,20230704,2023,Q3,7,July,4,2,Tuesday,0,Q3
2023-07-05,20230705,2023,Q3,7,July,5,3,Wednesday,0,Q3
2023-07-06,20230706,2023,Q3,7,July,6,4,Thursday,0,Q3
2023-07-07,20230707,2023,Q3,7,July,7,5,Friday,0,Q3
2023-07-08,20230708,2023,Q3,7,July,8,6,Saturday,1,Q3
2023-07-09,20230709,2023,Q3,7,July,9,7,Sunday,1,Q3
2023-07-10,20230710,2023,Q3,7,July,10,1,Monday,0,Q3
2023-07-11,20230711,2023,Q3,7,July,11,2,Tuesday,0,Q3
2023-07-12,20230712,2023,Q3,7,July,12,3,Wednesday,0,Q3
2023-07-13,20230713,2023,Q3,7,July,13,4,Thursday,0,Q3
2023-07-14,20230714,2023,Q3,7,July,14,5,Friday,0,Q3
2023-07-15,20230715,2023,Q3,7,July,15,6,Saturday,1,Q3
2023-07-16,20230716,2023,Q3,7,July,16,7,Sunday,1,Q3
2023-07-17,20230717,2023,Q3,7,July,17,1,Monday,0,Q3
2023-07-18,20230718,2023,Q3,7,July,18,2,Tuesday,0,Q3
2023-07-19,20230719,2023,Q3,7,July,19,3,Wednesday,0,Q3
2023-07-20,20230720,2023,Q3,7,July,20,4,Thursday,0,Q3
2023-07-21,20230721,2023,Q3,7,July,21,5,Friday,0,Q3
2023-07-22,20230722,2023,Q3,7,July,22,6,Saturday,1,Q3
2023-07-23,20230723,2023,Q3,7,July,23,7,Sunday,1,Q3
2023-07-24,20230724,2023,Q3,7,July,24,1,Monday,0,Q3
2023-07-25,20230725,2023,Q3,7,July,25,2,Tuesday,0,Q3
2023-07-26,20230726,2023,Q3,7,July,26,3,Wednesday,0,Q3
2023-07-27,20230727,2023,Q3,7,July,27,4,Thursday,0,Q3
2023-07-28,20230728,2023,Q3,7,July,28,5,Friday,0,Q3
2023-07-29,20230729,2023,Q3,7,July,29,6,Saturday,1,Q3
2023-07-30,20230730,2023,Q3,7,July,30,7,Sunday,1,Q3
2023-07-31,20230731,2023,Q3,7,July,31,1,Monday,0,Q3
2023-08-01,20230801,2023,Q3,8,August,1,2,Tuesday,0,Q3
2023-08-02,20230802,2023,Q3,8,August,2,3,Wednesday,0,Q3
2023-08-03,20230803,2023,Q3,8,August,3,4,Thursday,0,Q3
2023-08-04,20230804,2023,Q3,8,August,4,5,Friday,0,Q3
2023-08-05,20230805,2023,Q3,8,August,5,6,Saturday,1,Q3
2023-08-06,20230806,2023,Q3,8,August,6,7,Sunday,1,Q3
2023-08-07,20230807,2023,Q3,8,August,7,1,Monday,0,Q3
2023-08-08,20230808,2023,Q3,8,August,8,2,Tuesday,0,Q3
2023-08-09,20230809,2023,Q3,8,August,9,3,Wednesday,0,Q3
2023-08-10,20230810,2023,Q3,8,August,10,4,Thursday,0,Q3
2023-08-11,20230811,2023,Q3,8,August,11,5,Friday,0,Q3
2023-08-12,20230812,2023,Q3,8,August,12,6,Saturday,1,Q3
2023-08-13,20230813,2023,Q3,8,August,13,7,Sunday,1,Q3
2023-08-14,20230814,2023,Q3,8,August,14,1,Monday,0,Q3
2023-08-15,20230815,2023,Q3,8,August,15,2,Tuesday,0,Q3
2023-08-16,20230816,2023,Q3,8,August,16,3,Wednesday,0,Q3
2023-08-17,20230817,2023,Q3,8,August,17,4,Thursday,0,Q3
2023-08-18,20230818,2023,Q3,8,August,18,5,Friday,0,Q3
2023-08-19,20230819,2023,Q3,8,August,19,6,Saturday,1,Q3
2023-08-20,20230820,2023,Q3,8,August,20,7,Sunday,1,Q3
2023-08-21,20230821,2023,Q3,8,August,21,1,Monday,0,Q3
2023-08-22,20230822,2023,Q3,8,August,22,2,Tuesday,0,Q3
2023-08-23,20230823,2023,Q3,8,August,23,3,Wednesday,0,Q3
2023-08-24,20230824,2023,Q3,8,August,24,4,Thursday,0,Q3
2023-08-25,20230825,2023,Q3,8,August,25,5,Friday,0,Q3
2023-08-26,20230826,2023,Q3,8,August,26,6,Saturday,1,Q3
2023-08-27,20230827,2023,Q3,8,August,27,7,Sunday,1,Q3
2023-08-28,20230828,2023,Q3,8,August,28,1,Monday,0,Q3
2023-08-29,20230829,2023,Q3,8,August,29,2,Tuesday,0,Q3
2023-08-30,20230830,2023,Q3,8,August,30,3,Wednesday,0,Q3
2023-08-31,20230831,2023,Q3,8,August,31,4,Thursday,0,Q3
2023-09-01,20230901,2023,Q3,9,September,1,5,Friday,0,Q3
2023-09-02,20230902,2023,Q3,9,September,2,6,Saturday,1,Q3
2023-09-03,20230903,2023,Q3,9,September,3,7,Sunday,1,Q3
2023-09-04,20230904,2023,Q3,9,September,4,1,Monday,0,Q3
2023-09-05,20230905,2023,Q3,9,September,5,2,Tuesday,0,Q3
2023-09-06,20230906,2023,Q3,9,September,6,3,Wednesday,0,Q3
2023-09-07,20230907,2023,Q3,9,September,7,4,Thursday,0,Q3
2023-09-08,20230908,2023,Q3,9,September,8,5,Friday,0,Q3
2023-09-09,20230909,2023,Q3,9,September,9,6,Saturday,1,Q3
2023-09-10,20230910,2023,Q3,9,September,10,7,Sunday,1,Q3
2023-09-11,20230911,2023,Q3,9,September,11,1,Monday,0,Q3
2023-09-12,20230912,2023,Q3,9,September,12,2,Tuesday,0,Q3
2023-09-13,20230913,2023,Q3,9,September,13,3,Wednesday,0,Q3
2023-09-14,20230914,2023,Q3,9,September,14,4,Thursday,0,Q3
2023-09-15,20230915,2023,Q3,9,September,15,5,Friday,0,Q3
2023-09-16,20230916,2023,Q3,9,September,16,6,Saturday,1,Q3
2023-09-17,20230917,2023,Q3,9,September,17,7,Sunday,1,Q3
2023-09-18,20230918,2023,Q3,9,September,18,1,Monday,0,Q3
2023-09-19,20230919,2023,Q3,9,September,19,2,Tuesday,0,Q3
2023-09-20,20230920,2023,Q3,9,September,20,3,Wednesday,0,Q3
2023-09-21,20230921,2023,Q3,9,September,21,4,Thursday,0,Q3
2023-09-22,20230922,2023,Q3,9,September,22,5,Friday,0,Q3
2023-09-23,20230923,2023,Q3,9,September,23,6,Saturday,1,Q3
2023-09-24,20230924,2023,Q3,9,September,24,7,Sunday,1,Q3
2023-09-25,20230925,2023,Q3,9,September,25,1,Monday,0,Q3
2023-09-26,20230926,2023,Q3,9,September,26,2,Tuesday,0,Q3
2023-09-27,20230927,2023,Q3,9,September,27,3,Wednesday,0,Q3
2023-09-28,20230928,2023,Q3,9,September,28,4,Thursday,0,Q3
2023-09-29,20230929,2023,Q3,9,September,29,5,Friday,0,Q3
2023-09-30,20230930,2023,Q3,9,September,30,6,Saturday,1,Q3
2023-10-01,20231001,2023,Q4,10,October,1,7,Sunday,1,Q4
2023-10-02,20231002,2023,Q4,10,October,2,1,Monday,0,Q4
2023-10-03,20231003,2023,Q4,10,October,3,2,Tuesday,0,Q4
2023-10-04,20231004,2023,Q4,10,October,4,3,Wednesday,0,Q4
2023-10-05,20231005,2023,Q4,10,October,5,4,Thursday,0,Q4
2023-10-06,20231006,2023,Q4,10,October,6,5,Friday,0,Q4
2023-10-07,20231007,2023,Q4,10,October,7,6,Saturday,1,Q4
2023-10-08,20231008,2023,Q4,10,October,8,7,Sunday,1,Q4
2023-10-09,20231009,2023,Q4,10,October,9,1,Monday,0,Q4
2023-10-10,20231010,2023,Q4,10,October,10,2,Tuesday,0,Q4
2023-10-11,20231011,2023,Q4,10,October,11,3,Wednesday,0,Q4
2023-10-12,20231012,2023,Q4,10,October,12,4,Thursday,0,Q4
2023-10-13,20231013,2023,Q4,10,October,13,5,Friday,0,Q4
2023-10-14,20231014,2023,Q4,10,October,14,6,Saturday,1,Q4
2023-10-15,20231015,2023,Q4,10,October,15,7,Sunday,1,Q4
2023-10-16,20231016,2023,Q4,10,October,16,1,Monday,0,Q4
2023-10-17,20231017,2023,Q4,10,October,17,2,Tuesday,0,Q4
2023-10-18,20231018,2023,Q4,10,October,18,3,Wednesday,0,Q4
2023-10-19,20231019,2023,Q4,10,October,19,4,Thursday,0,Q4
2023-10-20,20231020,2023,Q4,10,October,20,5,Friday,0,Q4
2023-10-21,20231021,2023,Q4,10,October,21,6,Saturday,1,Q4
2023-10-22,20231022,2023,Q4,10,October,22,7,Sunday,1,Q4
2023-10-23,20231023,2023,Q4,10,October,23,1,Monday,0,Q4
2023-10-24,20231024,2023,Q4,10,October,24,2,Tuesday,0,Q4
2023-10-25,20231025,2023,Q4,10,October,25,3,Wednesday,0,Q4
2023-10-26,20231026,2023,Q4,10,October,26,4,Thursday,0,Q4
2023-10-27,20231027,2023,Q4,10,October,27,5,Friday,0,Q4
2023-10-28,20231028,2023,Q4,10,October,28,6,Saturday,1,Q4
2023-10-29,20231029,2023,Q4,10,October,29,7,Sunday,1,Q4
2023-10-30,20231030,2023,Q4,10,October,30,1,Monday,0,Q4
2023-10-31,20231031,2023,Q4,10,October,31,2,Tuesday,0,Q4
2023-11-01,20231101,2023,Q4,11,November,1,3,Wednesday,0,Q4
2023-11-02,20231102,2023,Q4,11,November,2,4,Thursday,0,Q4
2023-11-03,20231103,2023,Q4,11,November,3,5,Friday,0,Q4
2023-11-04,20231104,2023,Q4,11,November,4,6,Saturday,1,Q4
2023-11-05,20231105,2023,Q4,11,November,5,7,Sunday,1,Q4
2023-11-06,20231106,2023,Q4,11,November,6,1,Monday,0,Q4
2023-11-07,20231107,2023,Q4,11,November,7,2,Tuesday,0,Q4
2023-11-08,20231108,2023,Q4,11,November,8,3,Wednesday,0,Q4
2023-11-09,20231109,2023,Q4,11,November,9,4,Thursday,0,Q4
2023-11-10,20231110,2023,Q4,11,November,10,5,Friday,0,Q4
2023-11-11,20231111,2023,Q4,11,November,11,6,Saturday,1,Q4
2023-11-12,20231112,2023,Q4,11,November,12,7,Sunday,1,Q4
2023-11-13,20231113,2023,Q4,11,November,13,1,Monday,0,Q4
2023-11-14,20231114,2023,Q4,11,November,14,2,Tuesday,0,Q4
2023-11-15,20231115,2023,Q4,11,November,15,3,Wednesday,0,Q4
2023-11-16,20231116,2023,Q4,11,November,16,4,Thursday,0,Q4
2023-11-17,20231117,2023,Q4,11,November,17,5,Friday,0,Q4
2023-11-18,20231118,2023,Q4,11,November,18,6,Saturday,1,Q4
2023-11-19,20231119,2023,Q4,11,November,19,7,Sunday,1,Q4
2023-11-20,20231120,2023,Q4,11,November,20,1,Monday,0,Q4
2023-11-21,20231121,2023,Q4,11,November,21,2,Tuesday,0,Q4
2023-11-22,20231122,2023,Q4,11,November,22,3,Wednesday,0,Q4
2023-11-23,20231123,2023,Q4,11,November,23,4,Thursday,0,Q4
2023-11-24,20231124,2023,Q4,11,November,24,5,Friday,0,Q4
2023-11-25,20231125,2023,Q4,11,November,25,6,Saturday,1,Q4
2023-11-26,20231126,2023,Q4,11,November,26,7,Sunday,1,Q4
2023-11-27,20231127,2023,Q4,11,November,27,1,Monday,0,Q4
2023-11-28,20231128,2023,Q4,11,November,28,2,Tuesday,0,Q4
2023-11-29,20231129,2023,Q4,11,November,29,3,Wednesday,0,Q4
2023-11-30,20231130,2023,Q4,11,November,30,4,Thursday,0,Q4
2023-12-01,20231201,2023,Q4,12,December,1,5,Friday,0,Q4
2023-12-02,20231202,2023,Q4,12,December,2,6,Saturday,1,Q4
2023-12-03,20231203,2023,Q4,12,December,3,7,Sunday,1,Q4
2023-12-04,20231204,2023,Q4,12,December,4,1,Monday,0,Q4
2023-12-05,20231205,2023,Q4,12,December,5,2,Tuesday,0,Q4
2023-12-06,20231206,2023,Q4,12,December,6,3,Wednesday,0,Q4
2023-12-07,20231207,2023,Q4,12,December,7,4,Thursday,0,Q4
2023-12-08,20231208,2023,Q4,12,December,8,5,Friday,0,Q4
2023-12-09,20231209,2023,Q4,12,December,9,6,Saturday,1,Q4
2023-12-10,20231210,2023,Q4,12,December,10,7,Sunday,1,Q4
2023-12-11,20231211,2023,Q4,12,December,11,1,Monday,0,Q4
2023-12-12,20231212,2023,Q4,12,December,12,2,Tuesday,0,Q4
2023-12-13,20231213,2023,Q4,12,December,13,3,Wednesday,0,Q4
2023-12-14,20231214,2023,Q4,12,December,14,4,Thursday,0,Q4
2023-12-15,20231215,2023,Q4,12,December,15,5,Friday,0,Q4
2023-12-16,20231216,2023,Q4,12,December,16,6,Saturday,1,Q4
2023-12-17,20231217,2023,Q4,12,December,17,7,Sunday,1,Q4
2023-12-18,20231218,2023,Q4,12,December,18,1,Monday,0,Q4
2023-12-19,20231219,2023,Q4,12,December,19,2,Tuesday,0,Q4
2023-12-20,20231220,2023,Q4,12,December,20,3,Wednesday,0,Q4
2023-12-21,20231221,2023,Q4,12,December,21,4,Thursday,0,Q4
2023-12-22,20231222,2023,Q4,12,December,22,5,Friday,0,Q4
2023-12-23,20231223,2023,Q4,12,December,23,6,Saturday,1,Q4
2023-12-24,20231224,2023,Q4,12,December,24,7,Sunday,1,Q4
2023-12-25,20231225,2023,Q4,12,December,25,1,Monday,0,Q4
2023-12-26,20231226,2023,Q4,12,December,26,2,Tuesday,0,Q4
2023-12-27,20231227,2023,Q4,12,December,27,3,Wednesday,0,Q4
2023-12-28,20231228,2023,Q4,12,December,28,4,Thursday,0,Q4
2023-12-29,20231229,2023,Q4,12,December,29,5,Friday,0,Q4
2023-12-30,20231230,2023,Q4,12,December,30,6,Saturday,1,Q4
2023-12-31,20231231,2023,Q4,12,December,31,7,Sunday,1,Q4
2024-01-01,20240101,2024,Q1,1,January,1,1,Monday,0,Q1
2024-01-02,20240102,2024,Q1,1,January,2,2,Tuesday,0,Q1
2024-01-03,20240103,2024,Q1,1,January,3,3,Wednesday,0,Q1
2024-01-04,20240104,2024,Q1,1,January,4,4,Thursday,0,Q1
2024-01-05,20240105,2024,Q1,1,January,5,5,Friday,0,Q1
2024-01-06,20240106,2024,Q1,1,January,6,6,Saturday,1,Q1
2024-01-07,20240107,2024,Q1,1,January,7,7,Sunday,1,Q1
2024-01-08,20240108,2024,Q1,1,January,8,1,Monday,0,Q1
2024-01-09,20240109,2024,Q1,1,January,9,2,Tuesday,0,Q1
2024-01-10,20240110,2024,Q1,1,January,10,3,Wednesday,0,Q1
2024-01-11,20240111,2024,Q1,1,January,11,4,Thursday,0,Q1
2024-01-12,20240112,2024,Q1,1,January,12,5,Friday,0,Q1
2024-01-13,20240113,2024,Q1,1,January,13,6,Saturday,1,Q1
2024-01-14,20240114,2024,Q1,1,January,14,7,Sunday,1,Q1
2024-01-15,20240115,2024,Q1,1,January,15,1,Monday,0,Q1
2024-01-16,20240116,2024,Q1,1,January,16,2,Tuesday,0,Q1
2024-01-17,20240117,2024,Q1,1,January,17,3,Wednesday,0,Q1
2024-01-18,20240118,2024,Q1,1,January,18,4,Thursday,0,Q1
2024-01-19,20240119,2024,Q1,1,January,19,5,Friday,0,Q1
2024-01-20,20240120,2024,Q1,1,January,20,6,Saturday,1,Q1
2024-01-21,20240121,2024,Q1,1,January,21,7,Sunday,1,Q1
2024-01-22,20240122,2024,Q1,1,January,22,1,Monday,0,Q1
2024-01-23,20240123,2024,Q1,1,January,23,2,Tuesday,0,Q1
2024-01-24,20240124,2024,Q1,1,January,24,3,Wednesday,0,Q1
2024-01-25,20240125,2024,Q1,1,January,25,4,Thursday,0,Q1
2024-01-26,20240126,2024,Q1,1,January,26,5,Friday,0,Q1
2024-01-27,20240127,2024,Q1,1,January,27,6,Saturday,1,Q1
2024-01-28,20240128,2024,Q1,1,January,28,7,Sunday,1,Q1
2024-01-29,20240129,2024,Q1,1,January,29,1,Monday,0,Q1
2024-01-30,20240130,2024,Q1,1,January,30,2,Tuesday,0,Q1
2024-01-31,20240131,2024,Q1,1,January,31,3,Wednesday,0,Q1
2024-02-01,20240201,2024,Q1,2,February,1,4,Thursday,0,Q1
2024-02-02,20240202,2024,Q1,2,February,2,5,Friday,0,Q1
2024-02-03,20240203,2024,Q1,2,February,3,6,Saturday,1,Q1
2024-02-04,20240204,2024,Q1,2,February,4,7,Sunday,1,Q1
2024-02-05,20240205,2024,Q1,2,February,5,1,Monday,0,Q1
2024-02-06,20240206,2024,Q1,2,February,6,2,Tuesday,0,Q1
2024-02-07,20240207,2024,Q1,2,February,7,3,Wednesday,0,Q1
2024-02-08,20240208,2024,Q1,2,February,8,4,Thursday,0,Q1
2024-02-09,20240209,2024,Q1,2,February,9,5,Friday,0,Q1
2024-02-10,20240210,2024,Q1,2,February,10,6,Saturday,1,Q1
2024-02-11,20240211,2024,Q1,2,February,11,7,Sunday,1,Q1
2024-02-12,20240212,2024,Q1,2,February,12,1,Monday,0,Q1
2024-02-13,20240213,2024,Q1,2,February,13,2,Tuesday,0,Q1
2024-02-14,20240214,2024,Q1,2,February,14,3,Wednesday,0,Q1
2024-02-15,20240215,2024,Q1,2,February,15,4,Thursday,0,Q1
2024-02-16,20240216,2024,Q1,2,February,16,5,Friday,0,Q1
2024-02-17,20240217,2024,Q1,2,February,17,6,Saturday,1,Q1
2024-02-18,20240218,2024,Q1,2,February,18,7,Sunday,1,Q1
2024-02-19,20240219,2024,Q1,2,February,19,1,Monday,0,Q1
2024-02-20,20240220,2024,Q1,2,February,20,2,Tuesday,0,Q1
2024-02-21,20240221,2024,Q1,2,February,21,3,Wednesday,0,Q1
2024-02-22,20240222,2024,Q1,2,February,22,4,Thursday,0,Q1
2024-02-23,20240223,2024,Q1,2,February,23,5,Friday,0,Q1
2024-02-24,20240224,2024,Q1,2,February,24,6,Saturday,1,Q1
2024-02-25,20240225,2024,Q1,2,February,25,7,Sunday,1,Q1
2024-02-26,20240226,2024,Q1,2,February,26,1,Monday,0,Q1
2024-02-27,20240227,2024,Q1,2,February,27,2,Tuesday,0,Q1
2024-02-28,20240228,2024,Q1,2,February,28,3,Wednesday,0,Q1
2024-02-29,20240229,2024,Q1,2,February,29,4,Thursday,0,Q1
2024-03-01,20240301,2024,Q1,3,March,1,5,Friday,0,Q1
2024-03-02,20240302,2024,Q1,3,March,2,6,Saturday,1,Q1
2024-03-03,20240303,2024,Q1,3,March,3,7,Sunday,1,Q1
2024-03-04,20240304,2024,Q1,3,March,4,1,Monday,0,Q1
2024-03-05,20240305,2024,Q1,3,March,5,2,Tuesday,0,Q1
2024-03-06,20240306,2024,Q1,3,March,6,3,Wednesday,0,Q1
2024-03-07,20240307,2024,Q1,3,March,7,4,Thursday,0,Q1
2024-03-08,20240308,2024,Q1,3,March,8,5,Friday,0,Q1
2024-03-09,20240309,2024,Q1,3,March,9,6,Saturday,1,Q1
2024-03-10,20240310,2024,Q1,3,March,10,7,Sunday,1,Q1
2024-03-11,20240311,2024,Q1,3,March,11,1,Monday,0,Q1
2024-03-12,20240312,2024,Q1,3,March,12,2,Tuesday,0,Q1
2024-03-13,20240313,2024,Q1,3,March,13,3,Wednesday,0,Q1
2024-03-14,20240314,2024,Q1,3,March,14,4,Thursday,0,Q1
2024-03-15,20240315,2024,Q1,3,March,15,5,Friday,0,Q1
2024-03-16,20240316,2024,Q1,3,March,16,6,Saturday,1,Q1
2024-03-17,20240317,2024,Q1,3,March,17,7,Sunday,1,Q1
2024-03-18,20240318,2024,Q1,3,March,18,1,Monday,0,Q1
2024-03-19,20240319,2024,Q1,3,March,19,2,Tuesday,0,Q1
2024-03-20,20240320,2024,Q1,3,March,20,3,Wednesday,0,Q1
2024-03-21,20240321,2024,Q1,3,March,21,4,Thursday,0,Q1
2024-03-22,20240322,2024,Q1,3,March,22,5,Friday,0,Q1
2024-03-23,20240323,2024,Q1,3,March,23,6,Saturday,1,Q1
2024-03-24,20240324,2024,Q1,3,March,24,7,Sunday,1,Q1
2024-03-25,20240325,2024,Q1,3,March,25,1,Monday,0,Q1
2024-03-26,20240326,2024,Q1,3,March,26,2,Tuesday,0,Q1
2024-03-27,20240327,2024,Q1,3,March,27,3,Wednesday,0,Q1
2024-03-28,20240328,2024,Q1,3,March,28,4,Thursday,0,Q1
2024-03-29,20240329,2024,Q1,3,March,29,5,Friday,0,Q1
2024-03-30,20240330,2024,Q1,3,March,30,6,Saturday,1,Q1
2024-03-31,20240331,2024,Q1,3,March,31,7,Sunday,1,Q1
2024-04-01,20240401,2024,Q2,4,April,1,1,Monday,0,Q2
2024-04-02,20240402,2024,Q2,4,April,2,2,Tuesday,0,Q2
2024-04-03,20240403,2024,Q2,4,April,3,3,Wednesday,0,Q2
2024-04-04,20240404,2024,Q2,4,April,4,4,Thursday,0,Q2
2024-04-05,20240405,2024,Q2,4,April,5,5,Friday,0,Q2
2024-04-06,20240406,2024,Q2,4,April,6,6,Saturday,1,Q2
2024-04-07,20240407,2024,Q2,4,April,7,7,Sunday,1,Q2
2024-04-08,20240408,2024,Q2,4,April,8,1,Monday,0,Q2
2024-04-09,20240409,2024,Q2,4,April,9,2,Tuesday,0,Q2
2024-04-10,20240410,2024,Q2,4,April,10,3,Wednesday,0,Q2
2024-04-11,20240411,2024,Q2,4,April,11,4,Thursday,0,Q2
2024-04-12,20240412,2024,Q2,4,April,12,5,Friday,0,Q2
2024-04-13,20240413,2024,Q2,4,April,13,6,Saturday,1,Q2
2024-04-14,20240414,2024,Q2,4,April,14,7,Sunday,1,Q2
2024-04-15,20240415,2024,Q2,4,April,15,1,Monday,0,Q2
2024-04-16,20240416,2024,Q2,4,April,16,2,Tuesday,0,Q2
2024-04-17,20240417,2024,Q2,4,April,17,3,Wednesday,0,Q2
2024-04-18,20240418,2024,Q2,4,April,18,4,Thursday,0,Q2
2024-04-19,20240419,2024,Q2,4,April,19,5,Friday,0,Q2
2024-04-20,20240420,2024,Q2,4,April,20,6,Saturday,1,Q2
2024-04-21,20240421,2024,Q2,4,April,21,7,Sunday,1,Q2
2024-04-22,20240422,2024,Q2,4,April,22,1,Monday,0,Q2
2024-04-23,20240423,2024,Q2,4,April,23,2,Tuesday,0,Q2
2024-04-24,20240424,2024,Q2,4,April,24,3,Wednesday,0,Q2
2024-04-25,20240425,2024,Q2,4,April,25,4,Thursday,0,Q2
2024-04-26,20240426,2024,Q2,4,April,26,5,Friday,0,Q2
2024-04-27,20240427,2024,Q2,4,April,27,6,Saturday,1,Q2
2024-04-28,20240428,2024,Q2,4,April,28,7,Sunday,1,Q2
2024-04-29,20240429,2024,Q2,4,April,29,1,Monday,0,Q2
2024-04-30,20240430,2024,Q2,4,April,30,2,Tuesday,0,Q2
2024-05-01,20240501,2024,Q2,5,May,1,3,Wednesday,0,Q2
2024-05-02,20240502,2024,Q2,5,May,2,4,Thursday,0,Q2
2024-05-03,20240503,2024,Q2,5,May,3,5,Friday,0,Q2
2024-05-04,20240504,2024,Q2,5,May,4,6,Saturday,1,Q2
2024-05-05,20240505,2024,Q2,5,May,5,7,Sunday,1,Q2
2024-05-06,20240506,2024,Q2,5,May,6,1,Monday,0,Q2
2024-05-07,20240507,2024,Q2,5,May,7,2,Tuesday,0,Q2
2024-05-08,20240508,2024,Q2,5,May,8,3,Wednesday,0,Q2
2024-05-09,20240509,2024,Q2,5,May,9,4,Thursday,0,Q2
2024-05-10,20240510,2024,Q2,5,May,10,5,Friday,0,Q2
2024-05-11,20240511,2024,Q2,5,May,11,6,Saturday,1,Q2
2024-05-12,20240512,2024,Q2,5,May,12,7,Sunday,1,Q2
2024-05-13,20240513,2024,Q2,5,May,13,1,Monday,0,Q2
2024-05-14,20240514,2024,Q2,5,May,14,2,Tuesday,0,Q2
2024-05-15,20240515,2024,Q2,5,May,15,3,Wednesday,0,Q2
2024-05-16,20240516,2024,Q2,5,May,16,4,Thursday,0,Q2
2024-05-17,20240517,2024,Q2,5,May,17,5,Friday,0,Q2
2024-05-18,20240518,2024,Q2,5,May,18,6,Saturday,1,Q2
2024-05-19,20240519,2024,Q2,5,May,19,7,Sunday,1,Q2
2024-05-20,20240520,2024,Q2,5,May,20,1,Monday,0,Q2
2024-05-21,20240521,2024,Q2,5,May,21,2,Tuesday,0,Q2
2024-05-22,20240522,2024,Q2,5,May,22,3,Wednesday,0,Q2
2024-05-23,20240523,2024,Q2,5,May,23,4,Thursday,0,Q2
2024-05-24,20240524,2024,Q2,5,May,24,5,Friday,0,Q2
2024-05-25,20240525,2024,Q2,5,May,25,6,Saturday,1,Q2
2024-05-26,20240526,2024,Q2,5,May,26,7,Sunday,1,Q2
2024-05-27,20240527,2024,Q2,5,May,27,1,Monday,0,Q2
2024-05-28,20240528,2024,Q2,5,May,28,2,Tuesday,0,Q2
2024-05-29,20240529,2024,Q2,5,May,29,3,Wednesday,0,Q2
2024-05-30,20240530,2024,Q2,5,May,30,4,Thursday,0,Q2
2024-05-31,20240531,2024,Q2,5,May,31,5,Friday,0,Q2
2024-06-01,20240601,2024,Q2,6,June,1,6,Saturday,1,Q2
2024-06-02,20240602,2024,Q2,6,June,2,7,Sunday,1,Q2
2024-06-03,20240603,2024,Q2,6,June,3,1,Monday,0,Q2
2024-06-04,20240604,2024,Q2,6,June,4,2,Tuesday,0,Q2
2024-06-05,20240605,2024,Q2,6,June,5,3,Wednesday,0,Q2
2024-06-06,20240606,2024,Q2,6,June,6,4,Thursday,0,Q2
2024-06-07,20240607,2024,Q2,6,June,7,5,Friday,0,Q2
2024-06-08,20240608,2024,Q2,6,June,8,6,Saturday,1,Q2
2024-06-09,20240609,2024,Q2,6,June,9,7,Sunday,1,Q2
2024-06-10,20240610,2024,Q2,6,June,10,1,Monday,0,Q2
2024-06-11,20240611,2024,Q2,6,June,11,2,Tuesday,0,Q2
2024-06-12,20240612,2024,Q2,6,June,12,3,Wednesday,0,Q2
2024-06-13,20240613,2024,Q2,6,June,13,4,Thursday,0,Q2
2024-06-14,20240614,2024,Q2,6,June,14,5,Friday,0,Q2
2024-06-15,20240615,2024,Q2,6,June,15,6,Saturday,1,Q2
2024-06-16,20240616,2024,Q2,6,June,16,7,Sunday,1,Q2
2024-06-17,20240617,2024,Q2,6,June,17,1,Monday,0,Q2
2024-06-18,20240618,2024,Q2,6,June,18,2,Tuesday,0,Q2
2024-06-19,20240619,2024,Q2,6,June,19,3,Wednesday,0,Q2
2024-06-20,20240620,2024,Q2,6,June,20,4,Thursday,0,Q2
2024-06-21,20240621,2024,Q2,6,June,21,5,Friday,0,Q2
2024-06-22,20240622,2024,Q2,6,June,22,6,Saturday,1,Q2
2024-06-23,20240623,2024,Q2,6,June,23,7,Sunday,1,Q2
2024-06-24,20240624,2024,Q2,6,June,24,1,Monday,0,Q2
2024-06-25,20240625,2024,Q2,6,June,25,2,Tuesday,0,Q2
2024-06-26,20240626,2024,Q2,6,June,26,3,Wednesday,0,Q2
2024-06-27,20240627,2024,Q2,6,June,27,4,Thursday,0,Q2
2024-06-28,20240628,2024,Q2,6,June,28,5,Friday,0,Q2
2024-06-29,20240629,2024,Q2,6,June,29,6,Saturday,1,Q2
2024-06-30,20240630,2024,Q2,6,June,30,7,Sunday,1,Q2
2024-07-01,20240701,2024,Q3,7,July,1,1,Monday,0,Q3
2024-07-02,20240702,2024,Q3,7,July,2,2,Tuesday,0,Q3
2024-07-03,20240703,2024,Q3,7,July,3,3,Wednesday,0,Q3
2024-07-04,20240704,2024,Q3,7,July,4,4,Thursday,0,Q3
2024-07-05,20240705,2024,Q3,7,July,5,5,Friday,0,Q3
2024-07-06,20240706,2024,Q3,7,July,6,6,Saturday,1,Q3
2024-07-07,20240707,2024,Q3,7,July,7,7,Sunday,1,Q3
2024-07-08,20240708,2024,Q3,7,July,8,1,Monday,0,Q3
2024-07-09,20240709,2024,Q3,7,July,9,2,Tuesday,0,Q3
2024-07-10,20240710,2024,Q3,7,July,10,3,Wednesday,0,Q3
2024-07-11,20240711,2024,Q3,7,July,11,4,Thursday,0,Q3
2024-07-12,20240712,2024,Q3,7,July,12,5,Friday,0,Q3
2024-07-13,20240713,2024,Q3,7,July,13,6,Saturday,1,Q3
2024-07-14,20240714,2024,Q3,7,July,14,7,Sunday,1,Q3
2024-07-15,20240715,2024,Q3,7,July,15,1,Monday,0,Q3
2024-07-16,20240716,2024,Q3,7,July,16,2,Tuesday,0,Q3
2024-07-17,20240717,2024,Q3,7,July,17,3,Wednesday,0,Q3
2024-07-18,20240718,2024,Q3,7,July,18,4,Thursday,0,Q3
2024-07-19,20240719,2024,Q3,7,July,19,5,Friday,0,Q3
2024-07-20,20240720,2024,Q3,7,July,20,6,Saturday,1,Q3
2024-07-21,20240721,2024,Q3,7,July,21,7,Sunday,1,Q3
2024-07-22,20240722,2024,Q3,7,July,22,1,Monday,0,Q3
2024-07-23,20240723,2024,Q3,7,July,23,2,Tuesday,0,Q3
2024-07-24,20240724,2024,Q3,7,July,24,3,Wednesday,0,Q3
2024-07-25,20240725,2024,Q3,7,July,25,4,Thursday,0,Q3
2024-07-26,20240726,2024,Q3,7,July,26,5,Friday,0,Q3
2024-07-27,20240727,2024,Q3,7,July,27,6,Saturday,1,Q3
2024-07-28,20240728,2024,Q3,7,July,28,7,Sunday,1,Q3
2024-07-29,20240729,2024,Q3,7,July,29,1,Monday,0,Q3
2024-07-30,20240730,2024,Q3,7,July,30,2,Tuesday,0,Q3
2024-07-31,20240731,2024,Q3,7,July,31,3,Wednesday,0,Q3
2024-08-01,20240801,2024,Q3,8,August,1,4,Thursday,0,Q3
2024-08-02,20240802,2024,Q3,8,August,2,5,Friday,0,Q3
2024-08-03,20240803,2024,Q3,8,August,3,6,Saturday,1,Q3
2024-08-04,20240804,2024,Q3,8,August,4,7,Sunday,1,Q3
2024-08-05,20240805,2024,Q3,8,August,5,1,Monday,0,Q3
2024-08-06,20240806,2024,Q3,8,August,6,2,Tuesday,0,Q3
2024-08-07,20240807,2024,Q3,8,August,7,3,Wednesday,0,Q3
2024-08-08,20240808,2024,Q3,8,August,8,4,Thursday,0,Q3
2024-08-09,20240809,2024,Q3,8,August,9,5,Friday,0,Q3
2024-08-10,20240810,2024,Q3,8,August,10,6,Saturday,1,Q3
2024-08-11,20240811,2024,Q3,8,August,11,7,Sunday,1,Q3
2024-08-12,20240812,2024,Q3,8,August,12,1,Monday,0,Q3
2024-08-13,20240813,2024,Q3,8,August,13,2,Tuesday,0,Q3
2024-08-14,20240814,2024,Q3,8,August,14,3,Wednesday,0,Q3
2024-08-15,20240815,2024,Q3,8,August,15,4,Thursday,0,Q3
2024-08-16,20240816,2024,Q3,8,August,16,5,Friday,0,Q3
2024-08-17,20240817,2024,Q3,8,August,17,6,Saturday,1,Q3
2024-08-18,20240818,2024,Q3,8,August,18,7,Sunday,1,Q3
2024-08-19,20240819,2024,Q3,8,August,19,1,Monday,0,Q3
2024-08-20,20240820,2024,Q3,8,August,20,2,Tuesday,0,Q3
2024-08-21,20240821,2024,Q3,8,August,21,3,Wednesday,0,Q3
2024-08-22,20240822,2024,Q3,8,August,22,4,Thursday,0,Q3
2024-08-23,20240823,2024,Q3,8,August,23,5,Friday,0,Q3
2024-08-24,20240824,2024,Q3,8,August,24,6,Saturday,1,Q3
2024-08-25,20240825,2024,Q3,8,August,25,7,Sunday,1,Q3
2024-08-26,20240826,2024,Q3,8,August,26,1,Monday,0,Q3
2024-08-27,20240827,2024,Q3,8,August,27,2,Tuesday,0,Q3
2024-08-28,20240828,2024,Q3,8,August,28,3,Wednesday,0,Q3
2024-08-29,20240829,2024,Q3,8,August,29,4,Thursday,0,Q3
2024-08-30,20240830,2024,Q3,8,August,30,5,Friday,0,Q3
2024-08-31,20240831,2024,Q3,8,August,31,6,Saturday,1,Q3
2024-09-01,20240901,2024,Q3,9,September,1,7,Sunday,1,Q3
2024-09-02,20240902,2024,Q3,9,September,2,1,Monday,0,Q3
2024-09-03,20240903,2024,Q3,9,September,3,2,Tuesday,0,Q3
2024-09-04,20240904,2024,Q3,9,September,4,3,Wednesday,0,Q3
2024-09-05,20240905,2024,Q3,9,September,5,4,Thursday,0,Q3
2024-09-06,20240906,2024,Q3,9,September,6,5,Friday,0,Q3
2024-09-07,20240907,2024,Q3,9,September,7,6,Saturday,1,Q3
2024-09-08,20240908,2024,Q3,9,September,8,7,Sunday,1,Q3
2024-09-09,20240909,2024,Q3,9,September,9,1,Monday,0,Q3
2024-09-10,20240910,2024,Q3,9,September,10,2,Tuesday,0,Q3
2024-09-11,20240911,2024,Q3,9,September,11,3,Wednesday,0,Q3
2024-09-12,20240912,2024,Q3,9,September,12,4,Thursday,0,Q3
2024-09-13,20240913,2024,Q3,9,September,13,5,Friday,0,Q3
2024-09-14,20240914,2024,Q3,9,September,14,6,Saturday,1,Q3
2024-09-15,20240915,2024,Q3,9,September,15,7,Sunday,1,Q3
2024-09-16,20240916,2024,Q3,9,September,16,1,Monday,0,Q3
2024-09-17,20240917,2024,Q3,9,September,17,2,Tuesday,0,Q3
2024-09-18,20240918,2024,Q3,9,September,18,3,Wednesday,0,Q3
2024-09-19,20240919,2024,Q3,9,September,19,4,Thursday,0,Q3
2024-09-20,20240920,2024,Q3,9,September,20,5,Friday,0,Q3
2024-09-21,20240921,2024,Q3,9,September,21,6,Saturday,1,Q3
2024-09-22,20240922,2024,Q3,9,September,22,7,Sunday,1,Q3
2024-09-23,20240923,2024,Q3,9,September,23,1,Monday,0,Q3
2024-09-24,20240924,2024,Q3,9,September,24,2,Tuesday,0,Q3
2024-09-25,20240925,2024,Q3,9,September,25,3,Wednesday,0,Q3
2024-09-26,20240926,2024,Q3,9,September,26,4,Thursday,0,Q3
2024-09-27,20240927,2024,Q3,9,September,27,5,Friday,0,Q3
2024-09-28,20240928,2024,Q3,9,September,28,6,Saturday,1,Q3
2024-09-29,20240929,2024,Q3,9,September,29,7,Sunday,1,Q3
2024-09-30,20240930,2024,Q3,9,September,30,1,Monday,0,Q3
2024-10-01,20241001,2024,Q4,10,October,1,2,Tuesday,0,Q4
2024-10-02,20241002,2024,Q4,10,October,2,3,Wednesday,0,Q4
2024-10-03,20241003,2024,Q4,10,October,3,4,Thursday,0,Q4
2024-10-04,20241004,2024,Q4,10,October,4,5,Friday,0,Q4
2024-10-05,20241005,2024,Q4,10,October,5,6,Saturday,1,Q4
2024-10-06,20241006,2024,Q4,10,October,6,7,Sunday,1,Q4
2024-10-07,20241007,2024,Q4,10,October,7,1,Monday,0,Q4
2024-10-08,20241008,2024,Q4,10,October,8,2,Tuesday,0,Q4
2024-10-09,20241009,2024,Q4,10,October,9,3,Wednesday,0,Q4
2024-10-10,20241010,2024,Q4,10,October,10,4,Thursday,0,Q4
2024-10-11,20241011,2024,Q4,10,October,11,5,Friday,0,Q4
2024-10-12,20241012,2024,Q4,10,October,12,6,Saturday,1,Q4
2024-10-13,20241013,2024,Q4,10,October,13,7,Sunday,1,Q4
2024-10-14,20241014,2024,Q4,10,October,14,1,Monday,0,Q4
2024-10-15,20241015,2024,Q4,10,October,15,2,Tuesday,0,Q4
2024-10-16,20241016,2024,Q4,10,October,16,3,Wednesday,0,Q4
2024-10-17,20241017,2024,Q4,10,October,17,4,Thursday,0,Q4
2024-10-18,20241018,2024,Q4,10,October,18,5,Friday,0,Q4
2024-10-19,20241019,2024,Q4,10,October,19,6,Saturday,1,Q4
2024-10-20,20241020,2024,Q4,10,October,20,7,Sunday,1,Q4
2024-10-21,20241021,2024,Q4,10,October,21,1,Monday,0,Q4
2024-10-22,20241022,2024,Q4,10,October,22,2,Tuesday,0,Q4
2024-10-23,20241023,2024,Q4,10,October,23,3,Wednesday,0,Q4
2024-10-24,20241024,2024,Q4,10,October,24,4,Thursday,0,Q4
2024-10-25,20241025,2024,Q4,10,October,25,5,Friday,0,Q4
2024-10-26,20241026,2024,Q4,10,October,26,6,Saturday,1,Q4
2024-10-27,20241027,2024,Q4,10,October,27,7,Sunday,1,Q4
2024-10-28,20241028,2024,Q4,10,October,28,1,Monday,0,Q4
2024-10-29,20241029,2024,Q4,10,October,29,2,Tuesday,0,Q4
2024-10-30,20241030,2024,Q4,10,October,30,3,Wednesday,0,Q4
2024-10-31,20241031,2024,Q4,10,October,31,4,Thursday,0,Q4
2024-11-01,20241101,2024,Q4,11,November,1,5,Friday,0,Q4
2024-11-02,20241102,2024,Q4,11,November,2,6,Saturday,1,Q4
2024-11-03,20241103,2024,Q4,11,November,3,7,Sunday,1,Q4
2024-11-04,20241104,2024,Q4,11,November,4,1,Monday,0,Q4
2024-11-05,20241105,2024,Q4,11,November,5,2,Tuesday,0,Q4
2024-11-06,20241106,2024,Q4,11,November,6,3,Wednesday,0,Q4
2024-11-07,20241107,2024,Q4,11,November,7,4,Thursday,0,Q4
2024-11-08,20241108,2024,Q4,11,November,8,5,Friday,0,Q4
2024-11-09,20241109,2024,Q4,11,November,9,6,Saturday,1,Q4
2024-11-10,20241110,2024,Q4,11,November,10,7,Sunday,1,Q4
2024-11-11,20241111,2024,Q4,11,November,11,1,Monday,0,Q4
2024-11-12,20241112,2024,Q4,11,November,12,2,Tuesday,0,Q4
2024-11-13,20241113,2024,Q4,11,November,13,3,Wednesday,0,Q4
2024-11-14,20241114,2024,Q4,11,November,14,4,Thursday,0,Q4
2024-11-15,20241115,2024,Q4,11,November,15,5,Friday,0,Q4
2024-11-16,20241116,2024,Q4,11,November,16,6,Saturday,1,Q4
2024-11-17,20241117,2024,Q4,11,November,17,7,Sunday,1,Q4
2024-11-18,20241118,2024,Q4,11,November,18,1,Monday,0,Q4
2024-11-19,20241119,2024,Q4,11,November,19,2,Tuesday,0,Q4
2024-11-20,20241120,2024,Q4,11,November,20,3,Wednesday,0,Q4
2024-11-21,20241121,2024,Q4,11,November,21,4,Thursday,0,Q4
2024-11-22,20241122,2024,Q4,11,November,22,5,Friday,0,Q4
2024-11-23,20241123,2024,Q4,11,November,23,6,Saturday,1,Q4
2024-11-24,20241124,2024,Q4,11,November,24,7,Sunday,1,Q4
2024-11-25,20241125,2024,Q4,11,November,25,1,Monday,0,Q4
2024-11-26,20241126,2024,Q4,11,November,26,2,Tuesday,0,Q4
2024-11-27,20241127,2024,Q4,11,November,27,3,Wednesday,0,Q4
2024-11-28,20241128,2024,Q4,11,November,28,4,Thursday,0,Q4
2024-11-29,20241129,2024,Q4,11,November,29,5,Friday,0,Q4
2024-11-30,20241130,2024,Q4,11,November,30,6,Saturday,1,Q4
2024-12-01,20241201,2024,Q4,12,December,1,7,Sunday,1,Q4
2024-12-02,20241202,2024,Q4,12,December,2,1,Monday,0,Q4
2024-12-03,20241203,2024,Q4,12,December,3,2,Tuesday,0,Q4
2024-12-04,20241204,2024,Q4,12,December,4,3,Wednesday,0,Q4
2024-12-05,20241205,2024,Q4,12,December,5,4,Thursday,0,Q4
2024-12-06,20241206,2024,Q4,12,December,6,5,Friday,0,Q4
2024-12-07,20241207,2024,Q4,12,December,7,6,Saturday,1,Q4
2024-12-08,20241208,2024,Q4,12,December,8,7,Sunday,1,Q4
2024-12-09,20241209,2024,Q4,12,December,9,1,Monday,0,Q4
2024-12-10,20241210,2024,Q4,12,December,10,2,Tuesday,0,Q4
2024-12-11,20241211,2024,Q4,12,December,11,3,Wednesday,0,Q4
2024-12-12,20241212,2024,Q4,12,December,12,4,Thursday,0,Q4
2024-12-13,20241213,2024,Q4,12,December,13,5,Friday,0,Q4
2024-12-14,20241214,2024,Q4,12,December,14,6,Saturday,1,Q4
2024-12-15,20241215,2024,Q4,12,December,15,7,Sunday,1,Q4
2024-12-16,20241216,2024,Q4,12,December,16,1,Monday,0,Q4
2024-12-17,20241217,2024,Q4,12,December,17,2,Tuesday,0,Q4
2024-12-18,20241218,2024,Q4,12,December,18,3,Wednesday,0,Q4
2024-12-19,20241219,2024,Q4,12,December,19,4,Thursday,0,Q4
2024-12-20,20241220,2024,Q4,12,December,20,5,Friday,0,Q4
2024-12-21,20241221,2024,Q4,12,December,21,6,Saturday,1,Q4
2024-12-22,20241222,2024,Q4,12,December,22,7,Sunday,1,Q4
2024-12-23,20241223,2024,Q4,12,December,23,1,Monday,0,Q4
2024-12-24,20241224,2024,Q4,12,December,24,2,Tuesday,0,Q4
2024-12-25,20241225,2024,Q4,12,December,25,3,Wednesday,0,Q4
2024-12-26,20241226,2024,Q4,12,December,26,4,Thursday,0,Q4
2024-12-27,20241227,2024,Q4,12,December,27,5,Friday,0,Q4
2024-12-28,20241228,2024,Q4,12,December,28,6,Saturday,1,Q4
2024-12-29,20241229,2024,Q4,12,December,29,7,Sunday,1,Q4
2024-12-30,20241230,2024,Q4,12,December,30,1,Monday,0,Q4
2024-12-31,20241231,2024,Q4,12,December,31,2,Tuesday,0,Q4
2025-01-01,20250101,2025,Q1,1,January,1,3,Wednesday,0,Q1
2025-01-02,20250102,2025,Q1,1,January,2,4,Thursday,0,Q1
2025-01-03,20250103,2025,Q1,1,January,3,5,Friday,0,Q1
2025-01-04,20250104,2025,Q1,1,January,4,6,Saturday,1,Q1
2025-01-05,20250105,2025,Q1,1,January,5,7,Sunday,1,Q1
2025-01-06,20250106,2025,Q1,1,January,6,1,Monday,0,Q1
2025-01-07,20250107,2025,Q1,1,January,7,2,Tuesday,0,Q1
2025-01-08,20250108,2025,Q1,1,January,8,3,Wednesday,0,Q1
2025-01-09,20250109,2025,Q1,1,January,9,4,Thursday,0,Q1
2025-01-10,20250110,2025,Q1,1,January,10,5,Friday,0,Q1
2025-01-11,20250111,2025,Q1,1,January,11,6,Saturday,1,Q1
2025-01-12,20250112,2025,Q1,1,January,12,7,Sunday,1,Q1
2025-01-13,20250113,2025,Q1,1,January,13,1,Monday,0,Q1
2025-01-14,20250114,2025,Q1,1,January,14,2,Tuesday,0,Q1
2025-01-15,20250115,2025,Q1,1,January,15,3,Wednesday,0,Q1
2025-01-16,20250116,2025,Q1,1,January,16,4,Thursday,0,Q1
2025-01-17,20250117,2025,Q1,1,January,17,5,Friday,0,Q1
2025-01-18,20250118,2025,Q1,1,January,18,6,Saturday,1,Q1
2025-01-19,20250119,2025,Q1,1,January,19,7,Sunday,1,Q1
2025-01-20,20250120,2025,Q1,1,January,20,1,Monday,0,Q1
2025-01-21,20250121,2025,Q1,1,January,21,2,Tuesday,0,Q1
2025-01-22,20250122,2025,Q1,1,January,22,3,Wednesday,0,Q1
2025-01-23,20250123,2025,Q1,1,January,23,4,Thursday,0,Q1
2025-01-24,20250124,2025,Q1,1,January,24,5,Friday,0,Q1
2025-01-25,20250125,2025,Q1,1,January,25,6,Saturday,1,Q1
2025-01-26,20250126,2025,Q1,1,January,26,7,Sunday,1,Q1
2025-01-27,20250127,2025,Q1,1,January,27,1,Monday,0,Q1
2025-01-28,20250128,2025,Q1,1,January,28,2,Tuesday,0,Q1
2025-01-29,20250129,2025,Q1,1,January,29,3,Wednesday,0,Q1
2025-01-30,20250130,2025,Q1,1,January,30,4,Thursday,0,Q1
2025-01-31,20250131,2025,Q1,1,January,31,5,Friday,0,Q1
2025-02-01,20250201,2025,Q1,2,February,1,6,Saturday,1,Q1
2025-02-02,20250202,2025,Q1,2,February,2,7,Sunday,1,Q1
2025-02-03,20250203,2025,Q1,2,February,3,1,Monday,0,Q1
2025-02-04,20250204,2025,Q1,2,February,4,2,Tuesday,0,Q1
2025-02-05,20250205,2025,Q1,2,February,5,3,Wednesday,0,Q1
2025-02-06,20250206,2025,Q1,2,February,6,4,Thursday,0,Q1
2025-02-07,20250207,2025,Q1,2,February,7,5,Friday,0,Q1
2025-02-08,20250208,2025,Q1,2,February,8,6,Saturday,1,Q1
2025-02-09,20250209,2025,Q1,2,February,9,7,Sunday,1,Q1
2025-02-10,20250210,2025,Q1,2,February,10,1,Monday,0,Q1
2025-02-11,20250211,2025,Q1,2,February,11,2,Tuesday,0,Q1
2025-02-12,20250212,2025,Q1,2,February,12,3,Wednesday,0,Q1
2025-02-13,20250213,2025,Q1,2,February,13,4,Thursday,0,Q1
2025-02-14,20250214,2025,Q1,2,February,14,5,Friday,0,Q1
2025-02-15,20250215,2025,Q1,2,February,15,6,Saturday,1,Q1
2025-02-16,20250216,2025,Q1,2,February,16,7,Sunday,1,Q1
2025-02-17,20250217,2025,Q1,2,February,17,1,Monday,0,Q1
2025-02-18,20250218,2025,Q1,2,February,18,2,Tuesday,0,Q1
2025-02-19,20250219,2025,Q1,2,February,19,3,Wednesday,0,Q1
2025-02-20,20250220,2025,Q1,2,February,20,4,Thursday,0,Q1
2025-02-21,20250221,2025,Q1,2,February,21,5,Friday,0,Q1
2025-02-22,20250222,2025,Q1,2,February,22,6,Saturday,1,Q1
2025-02-23,20250223,2025,Q1,2,February,23,7,Sunday,1,Q1
2025-02-24,20250224,2025,Q1,2,February,24,1,Monday,0,Q1
2025-02-25,20250225,2025,Q1,2,February,25,2,Tuesday,0,Q1
2025-02-26,20250226,2025,Q1,2,February,26,3,Wednesday,0,Q1
2025-02-27,20250227,2025,Q1,2,February,27,4,Thursday,0,Q1
2025-02-28,20250228,2025,Q1,2,February,28,5,Friday,0,Q1
2025-03-01,20250301,2025,Q1,3,March,1,6,Saturday,1,Q1
2025-03-02,20250302,2025,Q1,3,March,2,7,Sunday,1,Q1
2025-03-03,20250303,2025,Q1,3,March,3,1,Monday,0,Q1
2025-03-04,20250304,2025,Q1,3,March,4,2,Tuesday,0,Q1
2025-03-05,20250305,2025,Q1,3,March,5,3,Wednesday,0,Q1
2025-03-06,20250306,2025,Q1,3,March,6,4,Thursday,0,Q1
2025-03-07,20250307,2025,Q1,3,March,7,5,Friday,0,Q1
2025-03-08,20250308,2025,Q1,3,March,8,6,Saturday,1,Q1
2025-03-09,20250309,2025,Q1,3,March,9,7,Sunday,1,Q1
2025-03-10,20250310,2025,Q1,3,March,10,1,Monday,0,Q1
2025-03-11,20250311,2025,Q1,3,March,11,2,Tuesday,0,Q1
2025-03-12,20250312,2025,Q1,3,March,12,3,Wednesday,0,Q1
2025-03-13,20250313,2025,Q1,3,March,13,4,Thursday,0,Q1
2025-03-14,20250314,2025,Q1,3,March,14,5,Friday,0,Q1
2025-03-15,20250315,2025,Q1,3,March,15,6,Saturday,1,Q1
2025-03-16,20250316,2025,Q1,3,March,16,7,Sunday,1,Q1
2025-03-17,20250317,2025,Q1,3,March,17,1,Monday,0,Q1
2025-03-18,20250318,2025,Q1,3,March,18,2,Tuesday,0,Q1
2025-03-19,20250319,2025,Q1,3,March,19,3,Wednesday,0,Q1
2025-03-20,20250320,2025,Q1,3,March,20,4,Thursday,0,Q1
2025-03-21,20250321,2025,Q1,3,March,21,5,Friday,0,Q1
2025-03-22,20250322,2025,Q1,3,March,22,6,Saturday,1,Q1
2025-03-23,20250323,2025,Q1,3,March,23,7,Sunday,1,Q1
2025-03-24,20250324,2025,Q1,3,March,24,1,Monday,0,Q1
2025-03-25,20250325,2025,Q1,3,March,25,2,Tuesday,0,Q1
2025-03-26,20250326,2025,Q1,3,March,26,3,Wednesday,0,Q1
2025-03-27,20250327,2025,Q1,3,March,27,4,Thursday,0,Q1
2025-03-28,20250328,2025,Q1,3,March,28,5,Friday,0,Q1
2025-03-29,20250329,2025,Q1,3,March,29,6,Saturday,1,Q1
2025-03-30,20250330,2025,Q1,3,March,30,7,Sunday,1,Q1
2025-03-31,20250331,2025,Q1,3,March,31,1,Monday,0,Q1
2025-04-01,20250401,2025,Q2,4,April,1,2,Tuesday,0,Q2
2025-04-02,20250402,2025,Q2,4,April,2,3,Wednesday,0,Q2
2025-04-03,20250403,2025,Q2,4,April,3,4,Thursday,0,Q2
2025-04-04,20250404,2025,Q2,4,April,4,5,Friday,0,Q2
2025-04-05,20250405,2025,Q2,4,April,5,6,Saturday,1,Q2
2025-04-06,20250406,2025,Q2,4,April,6,7,Sunday,1,Q2
2025-04-07,20250407,2025,Q2,4,April,7,1,Monday,0,Q2
2025-04-08,20250408,2025,Q2,4,April,8,2,Tuesday,0,Q2
2025-04-09,20250409,2025,Q2,4,April,9,3,Wednesday,0,Q2
2025-04-10,20250410,2025,Q2,4,April,10,4,Thursday,0,Q2
2025-04-11,20250411,2025,Q2,4,April,11,5,Friday,0,Q2
2025-04-12,20250412,2025,Q2,4,April,12,6,Saturday,1,Q2
2025-04-13,20250413,2025,Q2,4,April,13,7,Sunday,1,Q2
2025-04-14,20250414,2025,Q2,4,April,14,1,Monday,0,Q2
2025-04-15,20250415,2025,Q2,4,April,15,2,Tuesday,0,Q2
2025-04-16,20250416,2025,Q2,4,April,16,3,Wednesday,0,Q2
2025-04-17,20250417,2025,Q2,4,April,17,4,Thursday,0,Q2
2025-04-18,20250418,2025,Q2,4,April,18,5,Friday,0,Q2
2025-04-19,20250419,2025,Q2,4,April,19,6,Saturday,1,Q2
2025-04-20,20250420,2025,Q2,4,April,20,7,Sunday,1,Q2
2025-04-21,20250421,2025,Q2,4,April,21,1,Monday,0,Q2
2025-04-22,20250422,2025,Q2,4,April,22,2,Tuesday,0,Q2
2025-04-23,20250423,2025,Q2,4,April,23,3,Wednesday,0,Q2
2025-04-24,20250424,2025,Q2,4,April,24,4,Thursday,0,Q2
2025-04-25,20250425,2025,Q2,4,April,25,5,Friday,0,Q2
2025-04-26,20250426,2025,Q2,4,April,26,6,Saturday,1,Q2
2025-04-27,20250427,2025,Q2,4,April,27,7,Sunday,1,Q2
2025-04-28,20250428,2025,Q2,4,April,28,1,Monday,0,Q2
2025-04-29,20250429,2025,Q2,4,April,29,2,Tuesday,0,Q2
2025-04-30,20250430,2025,Q2,4,April,30,3,Wednesday,0,Q2
2025-05-01,20250501,2025,Q2,5,May,1,4,Thursday,0,Q2
2025-05-02,20250502,2025,Q2,5,May,2,5,Friday,0,Q2
2025-05-03,20250503,2025,Q2,5,May,3,6,Saturday,1,Q2
2025-05-04,20250504,2025,Q2,5,May,4,7,Sunday,1,Q2
2025-05-05,20250505,2025,Q2,5,May,5,1,Monday,0,Q2
2025-05-06,20250506,2025,Q2,5,May,6,2,Tuesday,0,Q2
2025-05-07,20250507,2025,Q2,5,May,7,3,Wednesday,0,Q2
2025-05-08,20250508,2025,Q2,5,May,8,4,Thursday,0,Q2
2025-05-09,20250509,2025,Q2,5,May,9,5,Friday,0,Q2
2025-05-10,20250510,2025,Q2,5,May,10,6,Saturday,1,Q2
2025-05-11,20250511,2025,Q2,5,May,11,7,Sunday,1,Q2
2025-05-12,20250512,2025,Q2,5,May,12,1,Monday,0,Q2
2025-05-13,20250513,2025,Q2,5,May,13,2,Tuesday,0,Q2
2025-05-14,20250514,2025,Q2,5,May,14,3,Wednesday,0,Q2
2025-05-15,20250515,2025,Q2,5,May,15,4,Thursday,0,Q2
2025-05-16,20250516,2025,Q2,5,May,16,5,Friday,0,Q2
2025-05-17,20250517,2025,Q2,5,May,17,6,Saturday,1,Q2
2025-05-18,20250518,2025,Q2,5,May,18,7,Sunday,1,Q2
2025-05-19,20250519,2025,Q2,5,May,19,1,Monday,0,Q2
2025-05-20,20250520,2025,Q2,5,May,20,2,Tuesday,0,Q2
2025-05-21,20250521,2025,Q2,5,May,21,3,Wednesday,0,Q2
2025-05-22,20250522,2025,Q2,5,May,22,4,Thursday,0,Q2
2025-05-23,20250523,2025,Q2,5,May,23,5,Friday,0,Q2
2025-05-24,20250524,2025,Q2,5,May,24,6,Saturday,1,Q2
2025-05-25,20250525,2025,Q2,5,May,25,7,Sunday,1,Q2
2025-05-26,20250526,2025,Q2,5,May,26,1,Monday,0,Q2
2025-05-27,20250527,2025,Q2,5,May,27,2,Tuesday,0,Q2
2025-05-28,20250528,2025,Q2,5,May,28,3,Wednesday,0,Q2
2025-05-29,20250529,2025,Q2,5,May,29,4,Thursday,0,Q2
2025-05-30,20250530,2025,Q2,5,May,30,5,Friday,0,Q2
2025-05-31,20250531,2025,Q2,5,May,31,6,Saturday,1,Q2
2025-06-01,20250601,2025,Q2,6,June,1,7,Sunday,1,Q2
2025-06-02,20250602,2025,Q2,6,June,2,1,Monday,0,Q2
2025-06-03,20250603,2025,Q2,6,June,3,2,Tuesday,0,Q2
2025-06-04,20250604,2025,Q2,6,June,4,3,Wednesday,0,Q2
2025-06-05,20250605,2025,Q2,6,June,5,4,Thursday,0,Q2
2025-06-06,20250606,2025,Q2,6,June,6,5,Friday,0,Q2
2025-06-07,20250607,2025,Q2,6,June,7,6,Saturday,1,Q2
2025-06-08,20250608,2025,Q2,6,June,8,7,Sunday,1,Q2
2025-06-09,20250609,2025,Q2,6,June,9,1,Monday,0,Q2
2025-06-10,20250610,2025,Q2,6,June,10,2,Tuesday,0,Q2
2025-06-11,20250611,2025,Q2,6,June,11,3,Wednesday,0,Q2
2025-06-12,20250612,2025,Q2,6,June,12,4,Thursday,0,Q2
2025-06-13,20250613,2025,Q2,6,June,13,5,Friday,0,Q2
2025-06-14,20250614,2025,Q2,6,June,14,6,Saturday,1,Q2
2025-06-15,20250615,2025,Q2,6,June,15,7,Sunday,1,Q2
2025-06-16,20250616,2025,Q2,6,June,16,1,Monday,0,Q2
2025-06-17,20250617,2025,Q2,6,June,17,2,Tuesday,0,Q2
2025-06-18,20250618,2025,Q2,6,June,18,3,Wednesday,0,Q2
2025-06-19,20250619,2025,Q2,6,June,19,4,Thursday,0,Q2
2025-06-20,20250620,2025,Q2,6,June,20,5,Friday,0,Q2
2025-06-21,20250621,2025,Q2,6,June,21,6,Saturday,1,Q2
2025-06-22,20250622,2025,Q2,6,June,22,7,Sunday,1,Q2
2025-06-23,20250623,2025,Q2,6,June,23,1,Monday,0,Q2
2025-06-24,20250624,2025,Q2,6,June,24,2,Tuesday,0,Q2
2025-06-25,20250625,2025,Q2,6,June,25,3,Wednesday,0,Q2
2025-06-26,20250626,2025,Q2,6,June,26,4,Thursday,0,Q2
2025-06-27,20250627,2025,Q2,6,June,27,5,Friday,0,Q2
2025-06-28,20250628,2025,Q2,6,June,28,6,Saturday,1,Q2
2025-06-29,20250629,2025,Q2,6,June,29,7,Sunday,1,Q2
2025-06-30,20250630,2025,Q2,6,June,30,1,Monday,0,Q2
2025-07-01,20250701,2025,Q3,7,July,1,2,Tuesday,0,Q3
2025-07-02,20250702,2025,Q3,7,July,2,3,Wednesday,0,Q3
2025-07-03,20250703,2025,Q3,7,July,3,4,Thursday,0,Q3
2025-07-04,20250704,2025,Q3,7,July,4,5,Friday,0,Q3
2025-07-05,20250705,2025,Q3,7,July,5,6,Saturday,1,Q3
2025-07-06,20250706,2025,Q3,7,July,6,7,Sunday,1,Q3
2025-07-07,20250707,2025,Q3,7,July,7,1,Monday,0,Q3
2025-07-08,20250708,2025,Q3,7,July,8,2,Tuesday,0,Q3
2025-07-09,20250709,2025,Q3,7,July,9,3,Wednesday,0,Q3
2025-07-10,20250710,2025,Q3,7,July,10,4,Thursday,0,Q3
2025-07-11,20250711,2025,Q3,7,July,11,5,Friday,0,Q3
2025-07-12,20250712,2025,Q3,7,July,12,6,Saturday,1,Q3
2025-07-13,20250713,2025,Q3,7,July,13,7,Sunday,1,Q3
2025-07-14,20250714,2025,Q3,7,July,14,1,Monday,0,Q3
2025-07-15,20250715,2025,Q3,7,July,15,2,Tuesday,0,Q3
2025-07-16,20250716,2025,Q3,7,July,16,3,Wednesday,0,Q3
2025-07-17,20250717,2025,Q3,7,July,17,4,Thursday,0,Q3
2025-07-18,20250718,2025,Q3,7,July,18,5,Friday,0,Q3
2025-07-19,20250719,2025,Q3,7,July,19,6,Saturday,1,Q3
2025-07-20,20250720,2025,Q3,7,July,20,7,Sunday,1,Q3
2025-07-21,20250721,2025,Q3,7,July,21,1,Monday,0,Q3
2025-07-22,20250722,2025,Q3,7,July,22,2,Tuesday,0,Q3
2025-07-23,20250723,2025,Q3,7,July,23,3,Wednesday,0,Q3
2025-07-24,20250724,2025,Q3,7,July,24,4,Thursday,0,Q3
2025-07-25,20250725,2025,Q3,7,July,25,5,Friday,0,Q3
2025-07-26,20250726,2025,Q3,7,July,26,6,Saturday,1,Q3
2025-07-27,20250727,2025,Q3,7,July,27,7,Sunday,1,Q3
2025-07-28,20250728,2025,Q3,7,July,28,1,Monday,0,Q3
2025-07-29,20250729,2025,Q3,7,July,29,2,Tuesday,0,Q3
2025-07-30,20250730,2025,Q3,7,July,30,3,Wednesday,0,Q3
2025-07-31,20250731,2025,Q3,7,July,31,4,Thursday,0,Q3
2025-08-01,20250801,2025,Q3,8,August,1,5,Friday,0,Q3
2025-08-02,20250802,2025,Q3,8,August,2,6,Saturday,1,Q3
2025-08-03,20250803,2025,Q3,8,August,3,7,Sunday,1,Q3
2025-08-04,20250804,2025,Q3,8,August,4,1,Monday,0,Q3
2025-08-05,20250805,2025,Q3,8,August,5,2,Tuesday,0,Q3
2025-08-06,20250806,2025,Q3,8,August,6,3,Wednesday,0,Q3
2025-08-07,20250807,2025,Q3,8,August,7,4,Thursday,0,Q3
2025-08-08,20250808,2025,Q3,8,August,8,5,Friday,0,Q3
2025-08-09,20250809,2025,Q3,8,August,9,6,Saturday,1,Q3
2025-08-10,20250810,2025,Q3,8,August,10,7,Sunday,1,Q3
2025-08-11,20250811,2025,Q3,8,August,11,1,Monday,0,Q3
2025-08-12,20250812,2025,Q3,8,August,12,2,Tuesday,0,Q3
2025-08-13,20250813,2025,Q3,8,August,13,3,Wednesday,0,Q3
2025-08-14,20250814,2025,Q3,8,August,14,4,Thursday,0,Q3
2025-08-15,20250815,2025,Q3,8,August,15,5,Friday,0,Q3
2025-08-16,20250816,2025,Q3,8,August,16,6,Saturday,1,Q3
2025-08-17,20250817,2025,Q3,8,August,17,7,Sunday,1,Q3
2025-08-18,20250818,2025,Q3,8,August,18,1,Monday,0,Q3
2025-08-19,20250819,2025,Q3,8,August,19,2,Tuesday,0,Q3
2025-08-20,20250820,2025,Q3,8,August,20,3,Wednesday,0,Q3
2025-08-21,20250821,2025,Q3,8,August,21,4,Thursday,0,Q3
2025-08-22,20250822,2025,Q3,8,August,22,5,Friday,0,Q3
2025-08-23,20250823,2025,Q3,8,August,23,6,Saturday,1,Q3
2025-08-24,20250824,2025,Q3,8,August,24,7,Sunday,1,Q3
2025-08-25,20250825,2025,Q3,8,August,25,1,Monday,0,Q3
2025-08-26,20250826,2025,Q3,8,August,26,2,Tuesday,0,Q3
2025-08-27,20250827,2025,Q3,8,August,27,3,Wednesday,0,Q3
2025-08-28,20250828,2025,Q3,8,August,28,4,Thursday,0,Q3
2025-08-29,20250829,2025,Q3,8,August,29,5,Friday,0,Q3
2025-08-30,20250830,2025,Q3,8,August,30,6,Saturday,1,Q3
2025-08-31,20250831,2025,Q3,8,August,31,7,Sunday,1,Q3
2025-09-01,20250901,2025,Q3,9,September,1,1,Monday,0,Q3
2025-09-02,20250902,2025,Q3,9,September,2,2,Tuesday,0,Q3
2025-09-03,20250903,2025,Q3,9,September,3,3,Wednesday,0,Q3
2025-09-04,20250904,2025,Q3,9,September,4,4,Thursday,0,Q3
2025-09-05,20250905,2025,Q3,9,September,5,5,Friday,0,Q3
2025-09-06,20250906,2025,Q3,9,September,6,6,Saturday,1,Q3
2025-09-07,20250907,2025,Q3,9,September,7,7,Sunday,1,Q3
2025-09-08,20250908,2025,Q3,9,September,8,1,Monday,0,Q3
2025-09-09,20250909,2025,Q3,9,September,9,2,Tuesday,0,Q3
2025-09-10,20250910,2025,Q3,9,September,10,3,Wednesday,0,Q3
2025-09-11,20250911,2025,Q3,9,September,11,4,Thursday,0,Q3
2025-09-12,20250912,2025,Q3,9,September,12,5,Friday,0,Q3
2025-09-13,20250913,2025,Q3,9,September,13,6,Saturday,1,Q3
2025-09-14,20250914,2025,Q3,9,September,14,7,Sunday,1,Q3
2025-09-15,20250915,2025,Q3,9,September,15,1,Monday,0,Q3
2025-09-16,20250916,2025,Q3,9,September,16,2,Tuesday,0,Q3
2025-09-17,20250917,2025,Q3,9,September,17,3,Wednesday,0,Q3
2025-09-18,20250918,2025,Q3,9,September,18,4,Thursday,0,Q3
2025-09-19,20250919,2025,Q3,9,September,19,5,Friday,0,Q3
2025-09-20,20250920,2025,Q3,9,September,20,6,Saturday,1,Q3
2025-09-21,20250921,2025,Q3,9,September,21,7,Sunday,1,Q3
2025-09-22,20250922,2025,Q3,9,September,22,1,Monday,0,Q3
2025-09-23,20250923,2025,Q3,9,September,23,2,Tuesday,0,Q3
2025-09-24,20250924,2025,Q3,9,September,24,3,Wednesday,0,Q3
2025-09-25,20250925,2025,Q3,9,September,25,4,Thursday,0,Q3
2025-09-26,20250926,2025,Q3,9,September,26,5,Friday,0,Q3
2025-09-27,20250927,2025,Q3,9,September,27,6,Saturday,1,Q3
2025-09-28,20250928,2025,Q3,9,September,28,7,Sunday,1,Q3
2025-09-29,20250929,2025,Q3,9,September,29,1,Monday,0,Q3
2025-09-30,20250930,2025,Q3,9,September,30,2,Tuesday,0,Q3
2025-10-01,20251001,2025,Q4,10,October,1,3,Wednesday,0,Q4
2025-10-02,20251002,2025,Q4,10,October,2,4,Thursday,0,Q4
2025-10-03,20251003,2025,Q4,10,October,3,5,Friday,0,Q4
2025-10-04,20251004,2025,Q4,10,October,4,6,Saturday,1,Q4
2025-10-05,20251005,2025,Q4,10,October,5,7,Sunday,1,Q4
2025-10-06,20251006,2025,Q4,10,October,6,1,Monday,0,Q4
2025-10-07,20251007,2025,Q4,10,October,7,2,Tuesday,0,Q4
2025-10-08,20251008,2025,Q4,10,October,8,3,Wednesday,0,Q4
2025-10-09,20251009,2025,Q4,10,October,9,4,Thursday,0,Q4
2025-10-10,20251010,2025,Q4,10,October,10,5,Friday,0,Q4
2025-10-11,20251011,2025,Q4,10,October,11,6,Saturday,1,Q4
2025-10-12,20251012,2025,Q4,10,October,12,7,Sunday,1,Q4
2025-10-13,20251013,2025,Q4,10,October,13,1,Monday,0,Q4
2025-10-14,20251014,2025,Q4,10,October,14,2,Tuesday,0,Q4
2025-10-15,20251015,2025,Q4,10,October,15,3,Wednesday,0,Q4
2025-10-16,20251016,2025,Q4,10,October,16,4,Thursday,0,Q4
2025-10-17,20251017,2025,Q4,10,October,17,5,Friday,0,Q4
2025-10-18,20251018,2025,Q4,10,October,18,6,Saturday,1,Q4
2025-10-19,20251019,2025,Q4,10,October,19,7,Sunday,1,Q4
2025-10-20,20251020,2025,Q4,10,October,20,1,Monday,0,Q4
2025-10-21,20251021,2025,Q4,10,October,21,2,Tuesday,0,Q4
2025-10-22,20251022,2025,Q4,10,October,22,3,Wednesday,0,Q4
2025-10-23,20251023,2025,Q4,10,October,23,4,Thursday,0,Q4
2025-10-24,20251024,2025,Q4,10,October,24,5,Friday,0,Q4
2025-10-25,20251025,2025,Q4,10,October,25,6,Saturday,1,Q4
2025-10-26,20251026,2025,Q4,10,October,26,7,Sunday,1,Q4
2025-10-27,20251027,2025,Q4,10,October,27,1,Monday,0,Q4
2025-10-28,20251028,2025,Q4,10,October,28,2,Tuesday,0,Q4
2025-10-29,20251029,2025,Q4,10,October,29,3,Wednesday,0,Q4
2025-10-30,20251030,2025,Q4,10,October,30,4,Thursday,0,Q4
2025-10-31,20251031,2025,Q4,10,October,31,5,Friday,0,Q4
2025-11-01,20251101,2025,Q4,11,November,1,6,Saturday,1,Q4
2025-11-02,20251102,2025,Q4,11,November,2,7,Sunday,1,Q4
2025-11-03,20251103,2025,Q4,11,November,3,1,Monday,0,Q4
2025-11-04,20251104,2025,Q4,11,November,4,2,Tuesday,0,Q4
2025-11-05,20251105,2025,Q4,11,November,5,3,Wednesday,0,Q4
2025-11-06,20251106,2025,Q4,11,November,6,4,Thursday,0,Q4
2025-11-07,20251107,2025,Q4,11,November,7,5,Friday,0,Q4
2025-11-08,20251108,2025,Q4,11,November,8,6,Saturday,1,Q4
2025-11-09,20251109,2025,Q4,11,November,9,7,Sunday,1,Q4
2025-11-10,20251110,2025,Q4,11,November,10,1,Monday,0,Q4
2025-11-11,20251111,2025,Q4,11,November,11,2,Tuesday,0,Q4
2025-11-12,20251112,2025,Q4,11,November,12,3,Wednesday,0,Q4
2025-11-13,20251113,2025,Q4,11,November,13,4,Thursday,0,Q4
2025-11-14,20251114,2025,Q4,11,November,14,5,Friday,0,Q4
2025-11-15,20251115,2025,Q4,11,November,15,6,Saturday,1,Q4
2025-11-16,20251116,2025,Q4,11,November,16,7,Sunday,1,Q4
2025-11-17,20251117,2025,Q4,11,November,17,1,Monday,0,Q4
2025-11-18,20251118,2025,Q4,11,November,18,2,Tuesday,0,Q4
2025-11-19,20251119,2025,Q4,11,November,19,3,Wednesday,0,Q4
2025-11-20,20251120,2025,Q4,11,November,20,4,Thursday,0,Q4
2025-11-21,20251121,2025,Q4,11,November,21,5,Friday,0,Q4
2025-11-22,20251122,2025,Q4,11,November,22,6,Saturday,1,Q4
2025-11-23,20251123,2025,Q4,11,November,23,7,Sunday,1,Q4
2025-11-24,20251124,2025,Q4,11,November,24,1,Monday,0,Q4
2025-11-25,20251125,2025,Q4,11,November,25,2,Tuesday,0,Q4
2025-11-26,20251126,2025,Q4,11,November,26,3,Wednesday,0,Q4
2025-11-27,20251127,2025,Q4,11,November,27,4,Thursday,0,Q4
2025-11-28,20251128,2025,Q4,11,November,28,5,Friday,0,Q4
2025-11-29,20251129,2025,Q4,11,November,29,6,Saturday,1,Q4
2025-11-30,20251130,2025,Q4,11,November,30,7,Sunday,1,Q4
2025-12-01,20251201,2025,Q4,12,December,1,1,Monday,0,Q4
2025-12-02,20251202,2025,Q4,12,December,2,2,Tuesday,0,Q4
2025-12-03,20251203,2025,Q4,12,December,3,3,Wednesday,0,Q4
2025-12-04,20251204,2025,Q4,12,December,4,4,Thursday,0,Q4
2025-12-05,20251205,2025,Q4,12,December,5,5,Friday,0,Q4
2025-12-06,20251206,2025,Q4,12,December,6,6,Saturday,1,Q4
2025-12-07,20251207,2025,Q4,12,December,7,7,Sunday,1,Q4
2025-12-08,20251208,2025,Q4,12,December,8,1,Monday,0,Q4
2025-12-09,20251209,2025,Q4,12,December,9,2,Tuesday,0,Q4
2025-12-10,20251210,2025,Q4,12,December,10,3,Wednesday,0,Q4
2025-12-11,20251211,2025,Q4,12,December,11,4,Thursday,0,Q4
2025-12-12,20251212,2025,Q4,12,December,12,5,Friday,0,Q4
2025-12-13,20251213,2025,Q4,12,December,13,6,Saturday,1,Q4
2025-12-14,20251214,2025,Q4,12,December,14,7,Sunday,1,Q4
2025-12-15,20251215,2025,Q4,12,December,15,1,Monday,0,Q4
2025-12-16,20251216,2025,Q4,12,December,16,2,Tuesday,0,Q4
2025-12-17,20251217,2025,Q4,12,December,17,3,Wednesday,0,Q4
2025-12-18,20251218,2025,Q4,12,December,18,4,Thursday,0,Q4
2025-12-19,20251219,2025,Q4,12,December,19,5,Friday,0,Q4
2025-12-20,20251220,2025,Q4,12,December,20,6,Saturday,1,Q4
2025-12-21,20251221,2025,Q4,12,December,21,7,Sunday,1,Q4
2025-12-22,20251222,2025,Q4,12,December,22,1,Monday,0,Q4
2025-12-23,20251223,2025,Q4,12,December,23,2,Tuesday,0,Q4
2025-12-24,20251224,2025,Q4,12,December,24,3,Wednesday,0,Q4
2025-12-25,20251225,2025,Q4,12,December,25,4,Thursday,0,Q4
2025-12-26,20251226,2025,Q4,12,December,26,5,Friday,0,Q4
2025-12-27,20251227,2025,Q4,12,December,27,6,Saturday,1,Q4
2025-12-28,20251228,2025,Q4,12,December,28,7,Sunday,1,Q4
2025-12-29,20251229,2025,Q4,12,December,29,1,Monday,0,Q4
2025-12-30,20251230,2025,Q4,12,December,30,2,Tuesday,0,Q4
2025-12-31,20251231,2025,Q4,12,December,31,3,Wednesday,0,Q4
